[
  {
    "photo_keys": [

    ],
    "histories": [
      {
        "unique_id": "ef2c3798-dee7-4b70-a5a7-17f2e06dbbc4",
        "datetime": "2014/10/30 10:15:43 -0600",
        "user_name": "primero_cp",
        "user_organization": "N/A",
        "prev_revision": null,
        "action": "create",
        "changes": {
        }
      }
    ],
    "current_photo_key": null,
    "owned_by_full_name": "CP Worker",
    "previously_owned_by_full_name": "CP Worker",
    "assigned_user_names": [

    ],
    "created_organization": "N/A",
    "created_by_full_name": "CP Worker",
    "created_at": "2014/10/30 10:15:43 -0600",
    "last_updated_at": "2014/10/30 10:15:43 -0600",
    "last_updated_by": "primero_cp",
    "last_updated_by_full_name": null,
    "posted_at": "2014/10/30 10:15:43 -0600",
    "unique_identifier": "46fbc421-7b4e-402e-b3ce-e7807b5175e8",
    "duplicate": null,
    "duplicate_of": null,
    "short_id": "b5175e8",
    "flag_at": null,
    "reunited_at": null,
    "record_state": true,
    "flags": [

    ],
    "case_id": "46fbc421-7b4e-402e-b3ce-e7807b5175e8",
    "nickname": null,
    "hidden_name": false,
    "reunited": null,
    "reunited_message": null,
    "investigated": null,
    "verified": null,
    "owned_by_text": null,
    "owned_by": "primero_cp",
    "agency": null,
    "telephone_agency": null,
    "database_operator_user_name": null,
    "address_registration": null,
    "location_registration": null,
    "created_by": "primero_cp",
    "created_by_agency": null,
    "previously_owned_by": "primero_cp",
    "previous_agency": null,
    "module_id": "primeromodule-cp",
    "consent_to_share_info_by_security": null,
    "consent_to_share_security_organization": null,
    "consent_to_share_info_by_psychosocial": null,
    "consent_to_share_psychosocial_organization": null,
    "consent_to_share_info_by_health": null,
    "consent_to_share_health_organization": null,
    "consent_to_share_info_by_safehouse": null,
    "consent_to_share_safehouse_organization": null,
    "consent_to_share_info_by_legal": null,
    "consent_to_share_legal_organization": null,
    "consent_to_share_info_by_protection": null,
    "consent_to_share_protection_organization": null,
    "consent_to_share_info_by_livelihoods": null,
    "consent_to_share_livelihoods_organization": null,
    "consent_to_share_info_by_other": null,
    "consent_to_share_info_by_other_details": null,
    "child_status": "Open",
    "name": null,
    "name_nickname": null,
    "name_other": null,
    "name_given_post_separation": null,
    "registration_date": "2014/10/30",
    "sex": null,
    "age": null,
    "date_of_birth": null,
    "estimated": false,
    "physical_characteristics": null,
    "ration_card_no": null,
    "icrc_ref_no": null,
    "rc_id_no": null,
    "unhcr_id_no": null,
    "un_no": null,
    "other_agency_id": null,
    "other_agency_name": null,
    "documents_carried": null,
    "maritial_status": null,
    "occupation": null,
    "address_current": null,
    "landmark_current": null,
    "location_current": null,
    "address_is_permanent": false,
    "telephone_current": null,
    "protection_status": null,
    "urgent_protection_concern": null,
    "risk_level": null,
    "system_generated_followup": false,
    "displacement_status": null,
    "unhcr_protection_code": null,
    "protection_concerns": [

    ],
    "disability_type": null,
    "nationality": [

    ],
    "place_of_birth": null,
    "country_of_birth": null,
    "country_of_origin": null,
    "address_last": null,
    "landmark_last": null,
    "location_last": null,
    "telephone_last": null,
    "ethnicity": [

    ],
    "sub_ethnicity_1": [

    ],
    "sub_ethnicity_2": [

    ],
    "language": [

    ],
    "religion": [

    ],
    "arrival_date": null,
    "interviewer_name": null,
    "interviewer_postion": null,
    "interviewer_agency": null,
    "address_interview": null,
    "landmark_interview": null,
    "location_interview": null,
    "source_interview": null,
    "source_interview_other": null,
    "other_org_interview_status": null,
    "other_org_reference_no": null,
    "interview_subject": null,
    "consent_source_other": null,
    "consent_for_services": null,
    "consent_reporting": null,
    "consent_for_tracing": null,
    "consent_info_sharing": [

    ],
    "consent_info_sharing_others": null,
    "disclosure_deny_details": null,
    "withholding_info_reason": [

    ],
    "withholding_info_other_reason": null,
    "survivor_code_no": null,
    "gbv_sex": null,
    "gbv_ethnicity": null,
    "gbv_nationality": null,
    "gbv_religion": null,
    "dependents_no": null,
    "gbv_displacement_status": null,
    "gbv_disability_type": null,
    "unaccompanied_separated_status": null,
    "survivor_lives_alone": null,
    "survivor_caretaker": null,
    "survivor_caretaker_other": null,
    "caretaker_marital_status": null,
    "caretaker_occupation": null,
    "family_size": null,
    "family_notes": null,
    "childs_intended_address": null,
    "family_details_section": [
      {
        "unique_id": "4e5d503a-3113-4958-b123-b49405fafb31",
        "relation_name": null,
        "relation": null,
        "relation_is_caregiver": null,
        "relation_child_lived_with_pre_separation": null,
        "relation_child_is_in_contact": null,
        "relation_child_is_separated_from": null,
        "relation_identifiers": null,
        "relation_nickname": null,
        "relation_is_alive": null,
        "relation_death_details": null,
        "relation_age": null,
        "relation_date_of_birth": null,
        "relation_language": [

        ],
        "relation_religion": [

        ],
        "relation_ethnicity": null,
        "relation_sub_ethnicity1": null,
        "relation_sub_ethnicity2": null,
        "relation_nationality": [

        ],
        "relation_comments": null,
        "relation_occupation": null,
        "relation_address_current": null,
        "relation_address_is_permanent": false,
        "relation_location_current": null,
        "relation_address_last": null,
        "relation_location_last": null,
        "relation_telephone": null,
        "relation_other_family": null
      }
    ],
    "partner_details": null,
    "relationship_length": null,
    "number_of_children": null,
    "marital_status_during_separation": null,
    "partner_details_during_separation": null,
    "relationship_length_during_separation": null,
    "number_of_children_during_separation": null,
    "marital_status_pre_separation": null,
    "partner_details_pre_separation": null,
    "relationship_length_pre_separation": null,
    "number_of_children_pre_separation": null,
    "intervention_personal_type_needed": null,
    "intervention_personal_notes": null,
    "intervention_family_type_needed": null,
    "intervention_family_notes": null,
    "intervention_medical_type_needed": null,
    "intervention_medical_notes": null,
    "intervention_community_type_needed": null,
    "intervention_community_notes": null,
    "intervention_needed_unhcr": null,
    "intervention_unhcr_notes": null,
    "intervention_needed_ngo": null,
    "intervention_ngo_notes": null,
    "intervention_economical_type_needed": null,
    "intervention_economical_notes": null,
    "intervention_education_type_needed": null,
    "intervention_education_notes": null,
    "intervention_health_type_needed": null,
    "intervention_health_notes": null,
    "intervention_other_type_needed": null,
    "intervention_other_notes": null,
    "best_interest_report_submitted": null,
    "best_interest_date_submitted": null,
    "best_interest_recommendation": null,
    "best_interest_recommendation_date": null,
    "best_interest_proposed_support": null,
    "best_interest_agency_responsible": null,
    "best_interest_proposed_support_accepted": null,
    "best_interest_why_support_refused": null,
    "best_interest_date_implementation": null,
    "best_interest_implementing_agency": null,
    "protection_concern_detail_subform_section": [
      {
        "unique_id": "bed6a629-213d-4444-ab44-2d6d2f0b20bb",
        "protection_concern_type": null,
        "date_concern_identified": null,
        "concern_details": null,
        "concern_intervention_needed": null,
        "date_concern_intervention_needed_by": null,
        "concern_action_taken_already": null,
        "concern_action_taken_details": null,
        "concern_action_taken_date": null
      }
    ],
    "assessment_emotional_state_start": null,
    "assessment_emotional_state_end": null,
    "assessment_survivor_safety": null,
    "assessment_support_sources": null,
    "assessment_safety_action": null,
    "assessment_other_info": null,
    "assessment_safety_response": null,
    "assessment_emotional_response_text": null,
    "date_child_found": null,
    "location_child_found": null,
    "address_child_found": null,
    "found_child_details": null,
    "location_found_child_people_was_with": null,
    "address_found_child_people_was_with": null,
    "child_finder": null,
    "relationship_child_finder": null,
    "location_child_finder": null,
    "address_child_finder": null,
    "child_finder_notes": null,
    "child_belongings": null,
    "child_belongings_details": null,
    "child_stories_songs_words": null,
    "child_accent_details": null,
    "child_specific_behavior": null,
    "un_ddr_no": null,
    "cafaag_name_armed_group": null,
    "cafaag_enrollment_reason_not_forced": null,
    "cafaag_enrollment_reason_not_forced_text": null,
    "cafaag_name_militaryunit": null,
    "cafaag_name_commander": null,
    "address_cafaag_militaryunit": null,
    "location_cafaag_militaryunit": null,
    "cafaag_child_role": null,
    "cafaag_child_owned_weapon": null,
    "cafaag_weapon_type": null,
    "cafaag_date_child_join_from": null,
    "cafaag_date_child_join_to": null,
    "cafaag_date_child_join_date_or_date_range": "date_range",
    "cafaag_date_child_join": null,
    "address_cafaag_registration": null,
    "address_cafaag_mobilization": null,
    "location_cafaag_mobilization": null,
    "cafaag_date_child_leave_from": null,
    "cafaag_date_child_leave_to": null,
    "cafaag_date_child_leave_date_or_date_range": "date_range",
    "cafaag_date_child_leave": null,
    "cafaag_how_did_child_leave_armed_group": null,
    "cafaag_how_child_left_other": null,
    "address_cafaag_demobilization": null,
    "location_cafaag_demobilization": null,
    "cafaag_demobilization_papers_served": null,
    "cafaag_reason_for_release_from_military": null,
    "action_plan_safety": null,
    "action_plan_safety_text": null,
    "action_plan_health": null,
    "action_plan_legal_action": null,
    "action_plan_psychosocial": null,
    "action_plan_subform_section": [

    ],
    "child_caregiver_status": null,
    "child_caregiver_reason_change": null,
    "care_arrangements_type": null,
    "care_arrangements_type_notes": null,
    "care_agency_name": null,
    "name_caregiver": null,
    "relationship_caregiver": null,
    "caregiver_id_type_and_no": null,
    "caregiver_age": null,
    "address_caregiver": null,
    "location_caregiver": null,
    "telephone_caregiver": null,
    "care_arrangement_started_date": null,
    "caregiver_location_status": null,
    "address_caregiver_future": null,
    "location_caregiver_future": null,
    "telephone_caregiver_future": null,
    "caregiver_willing_to_continue": null,
    "caregiver_willing_to_continue_for_how_long": null,
    "caregiver_know_family": null,
    "other_information_from_caregiver": null,
    "followup_subform_section": [
      {
        "unique_id": "eb3cba0b-1638-4407-8b99-985681b42c22",
        "followup_type": null,
        "followup_service_type": null,
        "followup_assessment_type": null,
        "followup_needed_by_date": null,
        "followup_date": null,
        "child_was_seen": null,
        "reason_child_not_seen": [

        ],
        "reason_child_not_seen_other_details": null,
        "action_taken_already": null,
        "action_taken_details": null,
        "action_taken_date": null,
        "need_follow_up_visit": null,
        "when_follow_up_visit_should_happen": null,
        "recommend_case_closed": null,
        "followup_comments": null
      }
    ],
    "gbv_follow_up_subform_section": [

    ],
    "closure_reason": null,
    "date_closure": null,
    "name_caregiver_closing": null,
    "relationship_caregiver_closing": null,
    "address_caregiver_closing": null,
    "location_caregiver_closing": null,
    "services_section": [
      {
        "unique_id": "c5f36a28-9e74-441a-b0b6-6e98faac7389",
        "service_type": null,
        "service_referral": null,
        "service_appointment_date": null,
        "service_appointment_time": null,
        "service_provider": null,
        "service_location": null,
        "service_referral_notes": null
      }
    ],
    "activities_child_in_school_or_training": null,
    "activities_school_name": null,
    "activities_reason_not_in_school": [

    ],
    "activities_education_type": null,
    "activities_level_achieved": null,
    "activities_training_start_date": null,
    "activities_training_duration": null,
    "activities_notes": null,
    "activities_other": [

    ],
    "activities_other_notes": null,
    "ongoing_services_section": [

    ],
    "closure_assessment": null,
    "closure_needs_met": null,
    "closure_needs_met_explain": null,
    "closure_safety_plan": null,
    "closure_safety_plan_explain": null,
    "closure_case_plan_complete": null,
    "closure_case_plan_complete_explain": null,
    "closure_no_further_support": null,
    "closure_no_further_support_explain": null,
    "closure_resume_notification": null,
    "closure_resume_notification_explain": null,
    "closure_supervisor_review": null,
    "closure_supervisor_review_explain": null,
    "wishes_child_family_tracing": null,
    "wishes_reason_no_tracing": null,
    "wishes_reunification": null,
    "wishes_reason_no_reunification": null,
    "wishes_contacted": null,
    "wishes_contacted_details": null,
    "child_preferences_section": [
      {
        "unique_id": "cc32c2ff-b77a-4cce-b1e3-2c2419ddcabb",
        "wishes_name": null,
        "wishes_preference_relocated": null,
        "wishes_relationship": null,
        "wishes_address": null,
        "wishes_landmark": null,
        "wishes_location": null,
        "wishes_telephone": null
      }
    ],
    "wishes_care_arrangement_desired": null,
    "wishes_reason_no_care_arrangement": null,
    "wishes_care_arrangement_type_desired": null,
    "wishes_care_arrangement_type_other": null,
    "wishes_location_plan_live": null,
    "wishes_address_plan_live": null,
    "wishes_landmarks_plan_live": null,
    "tracing_status": null,
    "date_of_separation": null,
    "separation_cause": null,
    "separation_details": null,
    "separation_additional_movements": null,
    "separation_witnessed_violence": null,
    "separation_witnessed_violence_comments": null,
    "address_separation": null,
    "location_separation": null,
    "additional_tracing_info": null,
    "evacuation_status": null,
    "evacuation_agent": null,
    "evacuation_from": null,
    "evacuation_date": null,
    "evacuation_to": null,
    "care_arrangements_arrival_date": null,
    "tracing_actions_section": [
      {
        "unique_id": "7ad7a1f7-cf79-413f-8ce6-c24fe0f28cc7",
        "date_tracing": null,
        "tracing_type": null,
        "address_tracing": null,
        "location_tracing": null,
        "tracing_action_description": null,
        "tracing_outcome": null
      }
    ],
    "reunification_details_section": [
      {
        "unique_id": "85f1150f-1117-4339-b606-9ee7f832dbae",
        "name_reunified_adult": null,
        "relationship_reunified_adult": null,
        "address_reunified_adult": null,
        "location_reunified_adult": null,
        "address_reunification": null,
        "location_reunification": null,
        "reunification_type": null,
        "date_reunification": null,
        "child_reunited_with_verified_adult": null,
        "not_reunited_with_verified_adult_reason": null,
        "reunification_follow_up_needed": null,
        "closure_recommendation": null
      }
    ],
    "verification_subform_section": [
      {
        "unique_id": "25bd3f7a-0fad-4623-8d86-dabeb3b9eb05",
        "verification_name_inquirer": null,
        "verification_inquirer_relationship": null,
        "verification_inquirer_sex": null,
        "verification_inquirer_age": null,
        "verification_address_inquirer_current": null,
        "verification_location_inquirer": null,
        "verification_phone_inquirer": null,
        "verification_inquirer_wants_to_care_for_child": null,
        "verification_inquirer_able_to_care_for_child": null,
        "verification_alternate_caregiver_exists": null,
        "verification_alternate_caregiver_name": null,
        "verification_alternate_caregiver_relationship": null,
        "verification_address_alternate_caregiver": null,
        "verification_location_alternate_caregiver": null,
        "verification_comments": null,
        "verification_acceptance_date": null,
        "verification_inquirer_known_to_child": null,
        "verification_inquirer_child_wishes_reunification_with": null,
        "verification_inquirer_information_match": null,
        "verification_inquierer_recommendation": null,
        "verification_inquierer_recommendation_comments": null,
        "verification_date": null
      }
    ],
    "model_type": "Child",
    "_id": "98f27ae06f216320003bfe4aab6a5adc"
  }
]